transaction,custID,type,spent
1,210,Sandal,29
2,7,Work,74
3,220,Dress,134
4,93,Athletic,150
5,66,Athletic,168
6,232,Dress,125
7,132,Work,72
8,82,Casual,102
9,72,Work,66
10,99,Casual,74
11,188,Casual,100
12,149,Casual,86
13,238,Casual,68
14,56,Sandal,36
15,216,Work,146
16,174,Athletic,238
17,87,Work,180
18,115,Athletic,94
19,5,Casual,28
20,48,Sandal,28
21,73,Casual,88
22,37,Sandal,48
23,24,Work,92
24,199,Work,180
25,37,Work,60
26,1,Athletic,109
27,196,Casual,141
28,161,Dress,156
29,68,Athletic,144
30,226,Dress,304
31,242,Athletic,300
32,161,Dress,174
33,44,Casual,147
34,219,Work,91
35,207,Casual,54
36,197,Casual,104
37,136,Sandal,30
38,181,Sandal,96
39,111,Casual,39
40,143,Sandal,60
41,151,Work,82
42,124,Sandal,32
43,188,Athletic,98
44,6,Sandal,35
45,219,Casual,25
46,127,Dress,125
47,182,Casual,28
48,187,Dress,136
49,34,Casual,45
50,118,Casual,72
51,109,Sandal,90
52,96,Casual,24
53,200,Athletic,272
54,243,Casual,47
55,140,Work,59
56,83,Dress,152
57,165,Dress,168
58,11,Dress,76
59,48,Dress,137
60,15,Work,156
61,161,Dress,540
62,31,Work,243
63,47,Sandal,111
64,238,Dress,218
65,119,Dress,312
66,53,Casual,40
67,137,Dress,137
68,178,Dress,161
69,82,Sandal,32
70,36,Dress,120
71,165,Casual,75
72,14,Dress,274
73,207,Dress,312
74,20,Sandal,37
75,220,Casual,56
76,150,Work,225
77,131,Dress,447
78,164,Work,138
79,140,Sandal,30
80,98,Sandal,92
81,179,Athletic,116
82,223,Sandal,78
83,30,Casual,31
84,14,Athletic,264
85,128,Sandal,29
86,45,Casual,68
87,60,Dress,390
88,160,Casual,32
89,179,Casual,54
90,248,Dress,80
91,80,Athletic,210
92,46,Athletic,162
93,126,Casual,90
94,91,Dress,194
95,77,Dress,243
96,184,Athletic,73
97,96,Dress,92
98,99,Work,201
99,99,Dress,154
100,178,Casual,74
101,138,Work,76
102,28,Dress,170
103,97,Casual,50
104,140,Casual,28
105,22,Work,128
106,237,Dress,200
107,153,Athletic,87
108,134,Athletic,222
109,222,Casual,66
110,217,Dress,236
111,174,Sandal,42
112,179,Dress,180
113,121,Athletic,116
114,74,Casual,90
115,75,Dress,288
116,240,Sandal,47
117,55,Sandal,29
118,6,Athletic,309
119,94,Dress,342
120,94,Dress,174
121,148,Athletic,195
122,180,Work,87
123,189,Sandal,38
124,207,Sandal,39
125,209,Dress,534
126,223,Dress,99
127,212,Casual,64
128,27,Work,83
129,185,Dress,363
130,173,Work,170
131,250,Work,75
132,79,Dress,387
133,113,Casual,40
134,50,Work,148
135,80,Sandal,41
136,118,Casual,132
137,244,Dress,228
138,45,Casual,60
139,214,Athletic,246
140,93,Dress,160
141,81,Athletic,136
142,249,Casual,28
143,4,Athletic,399
144,188,Casual,84
145,115,Athletic,58
146,105,Casual,74
147,185,Casual,25
148,58,Athletic,186
149,143,Sandal,99
150,106,Work,148
151,127,Sandal,80
152,65,Dress,115
153,73,Athletic,123
154,31,Casual,32
155,87,Work,75
156,31,Dress,88
157,218,Dress,157
158,84,Dress,164
159,52,Casual,102
160,200,Dress,226
161,226,Dress,248
162,197,Work,77
163,121,Athletic,255
164,183,Dress,279
165,86,Athletic,130
166,17,Casual,72
167,100,Athletic,342
168,245,Dress,222
169,111,Sandal,32
170,174,Athletic,72
171,154,Casual,32
172,30,Casual,114
173,18,Work,78
174,126,Sandal,42
175,142,Casual,43
176,187,Dress,136
177,162,Sandal,82
178,29,Work,148
179,184,Athletic,351
180,76,Work,61
181,240,Sandal,78
182,32,Work,172
183,106,Work,83
184,16,Dress,158
185,208,Work,162
186,140,Dress,240
187,149,Dress,315
188,35,Dress,132
189,189,Work,85
190,226,Dress,82
191,128,Work,85
192,77,Casual,55
193,246,Casual,72
194,161,Dress,120
195,75,Dress,510
196,236,Sandal,25
197,184,Dress,114
198,216,Work,57
199,123,Work,91
200,4,Athletic,75
201,40,Sandal,38
202,210,Dress,303
203,42,Casual,41
204,245,Athletic,113
205,151,Casual,24
206,115,Athletic,213
207,104,Dress,122
208,8,Sandal,30
209,176,Sandal,54
210,248,Casual,35
211,246,Casual,66
212,1,Athletic,234
213,1,Athletic,242
214,112,Work,64
215,127,Sandal,102
216,108,Sandal,82
217,79,Sandal,62
218,44,Sandal,36
219,246,Work,146
220,250,Casual,49
221,74,Sandal,50
222,173,Casual,52
223,184,Athletic,196
224,178,Casual,104
225,51,Work,77
226,162,Athletic,196
227,18,Casual,40
228,2,Dress,190
229,132,Work,165
230,111,Sandal,90
231,78,Dress,549
232,75,Athletic,82
233,146,Athletic,73
234,98,Dress,68
235,46,Athletic,112
236,61,Casual,37
237,20,Dress,98
238,114,Athletic,148
239,15,Casual,31
240,101,Sandal,31
241,92,Sandal,24
242,97,Work,77
243,90,Sandal,106
244,183,Dress,285
245,129,Athletic,91
246,12,Casual,45
247,236,Sandal,33
248,187,Casual,58
249,214,Athletic,101
250,73,Casual,156
251,25,Casual,112
252,196,Work,58
253,13,Casual,56
254,34,Casual,80
255,231,Athletic,56
256,235,Athletic,220
257,150,Casual,44
258,235,Athletic,125
259,12,Casual,111
260,209,Sandal,32
261,89,Casual,24
262,227,Athletic,127
263,65,Casual,54
264,159,Work,72
265,14,Athletic,232
266,16,Sandal,56
267,178,Athletic,270
268,115,Athletic,170
269,158,Casual,82
270,175,Work,140
271,119,Dress,399
272,106,Casual,129
273,236,Casual,120
274,27,Work,82
275,76,Sandal,34
276,166,Work,228
277,69,Casual,33
278,222,Athletic,154
279,128,Dress,564
280,116,Sandal,32
281,113,Casual,150
282,217,Work,71
283,99,Work,73
284,179,Casual,78
285,58,Casual,60
286,90,Casual,41
287,224,Casual,80
288,161,Dress,148
289,26,Dress,111
290,95,Dress,162
291,106,Casual,74
292,151,Dress,149
293,92,Dress,399
294,183,Athletic,182
295,163,Work,174
296,126,Sandal,87
297,4,Athletic,276
298,219,Casual,50
299,23,Casual,111
300,221,Dress,85
301,45,Casual,29
302,164,Work,86
303,118,Athletic,65
304,241,Work,78
305,150,Casual,33
306,242,Dress,93
307,151,Dress,468
308,53,Casual,36
309,62,Sandal,72
310,248,Casual,38
311,190,Casual,104
312,175,Dress,131
313,87,Casual,36
314,109,Casual,34
315,196,Casual,52
316,197,Casual,64
317,123,Casual,36
318,1,Athletic,69
319,163,Casual,150
320,182,Casual,129
321,246,Dress,264
322,11,Sandal,25
323,71,Dress,298
324,34,Casual,53
325,194,Athletic,178
326,131,Casual,27
327,140,Sandal,74
328,174,Sandal,126
329,61,Casual,33
330,39,Sandal,29
331,181,Dress,110
332,57,Athletic,236
333,228,Dress,372
334,54,Athletic,255
335,168,Sandal,26
336,99,Work,73
337,172,Work,89
338,137,Casual,50
339,16,Sandal,114
340,56,Casual,30
341,26,Athletic,51
342,30,Casual,66
343,194,Athletic,285
344,148,Sandal,70
345,232,Sandal,42
346,1,Athletic,135
347,203,Work,63
348,14,Dress,92
349,108,Dress,100
350,137,Dress,100
351,174,Sandal,56
352,208,Sandal,66
353,125,Athletic,168
354,205,Athletic,80
355,234,Casual,147
356,3,Dress,232
357,89,Work,132
358,20,Sandal,42
359,229,Sandal,60
360,228,Sandal,75
361,135,Dress,93
362,149,Sandal,55
363,42,Sandal,62
364,206,Athletic,273
365,28,Dress,146
366,7,Work,110
367,113,Sandal,44
368,1,Athletic,104
369,35,Dress,174
370,33,Casual,49
371,103,Casual,29
372,33,Sandal,60
373,115,Dress,360
374,8,Casual,41
375,20,Sandal,39
376,98,Dress,76
377,234,Casual,42
378,122,Athletic,94
379,222,Work,83
380,49,Casual,102
381,89,Work,68
382,46,Casual,41
383,155,Dress,273
384,158,Work,76
385,98,Sandal,62
386,33,Athletic,80
387,64,Sandal,34
388,240,Athletic,150
389,233,Athletic,80
390,114,Work,66
391,246,Casual,38
392,171,Work,94
393,203,Work,73
394,131,Work,66
395,16,Sandal,84
396,114,Work,85
397,230,Work,160
398,121,Athletic,118
399,115,Athletic,86
400,22,Athletic,212
401,23,Sandal,25
402,56,Sandal,47
403,42,Sandal,80
404,203,Athletic,330
405,23,Dress,244
406,250,Casual,98
407,117,Casual,93
408,239,Work,73
409,91,Sandal,74
410,68,Casual,147
411,224,Work,162
412,126,Casual,74
413,24,Casual,96
414,249,Casual,48
415,57,Athletic,204
416,38,Dress,113
417,185,Work,69
418,47,Dress,194
419,51,Casual,84
420,78,Casual,129
421,104,Dress,202
422,24,Work,86
423,121,Athletic,72
424,66,Athletic,252
425,226,Dress,113
426,248,Sandal,33
427,50,Sandal,62
428,235,Athletic,318
429,10,Athletic,124
430,128,Dress,153
431,221,Dress,414
432,27,Dress,104
433,116,Dress,179
434,226,Casual,72
435,5,Athletic,53
436,78,Casual,46
437,87,Work,76
438,102,Casual,46
439,155,Casual,23
440,58,Athletic,234
441,4,Athletic,80
442,96,Dress,88
443,104,Dress,135
444,163,Work,83
445,84,Casual,42
446,198,Sandal,42
447,3,Dress,83
448,71,Sandal,49
449,244,Dress,110
450,71,Sandal,32
451,126,Casual,33
452,146,Sandal,60
453,74,Sandal,37
454,150,Work,74
455,169,Dress,186
456,30,Sandal,62
457,161,Dress,119
458,142,Sandal,78
459,222,Dress,453
460,94,Dress,260
461,169,Dress,104
462,200,Casual,35
463,82,Athletic,72
464,6,Casual,48
465,22,Athletic,162
466,196,Sandal,46
467,228,Dress,157
468,77,Dress,99
469,109,Sandal,39
470,215,Work,130
471,182,Casual,78
472,56,Casual,34
473,118,Athletic,137
474,36,Dress,280
475,172,Casual,108
476,33,Work,170
477,168,Casual,28
478,39,Sandal,46
479,137,Work,94
480,36,Sandal,96
481,137,Dress,192
482,46,Athletic,132
483,171,Work,190
484,141,Work,75
485,121,Athletic,246
486,118,Casual,41
487,63,Work,63
488,77,Dress,254
489,158,Work,84
490,211,Work,83
491,29,Work,142
492,181,Casual,54
493,154,Work,261
494,10,Work,70
495,207,Dress,297
496,130,Dress,119
497,236,Casual,168
498,74,Sandal,25
499,245,Sandal,82
500,127,Dress,174
501,180,Casual,66
502,102,Sandal,47
503,164,Work,150
504,31,Casual,87
505,219,Casual,50
506,235,Athletic,303
507,237,Work,176
508,140,Dress,202
509,128,Casual,43
510,206,Athletic,230
511,90,Casual,102
512,76,Work,228
513,21,Casual,108
514,131,Dress,396
515,235,Athletic,65
516,237,Sandal,92
517,104,Casual,27
518,161,Dress,134
519,26,Casual,87
520,154,Work,75
521,167,Sandal,30
522,188,Athletic,237
523,103,Sandal,70
524,164,Work,81
525,30,Sandal,80
526,203,Casual,99
527,202,Dress,130
528,68,Athletic,390
529,208,Athletic,208
530,112,Work,174
531,135,Dress,136
532,129,Casual,35
533,48,Dress,162
534,15,Work,82
535,149,Sandal,35
536,91,Sandal,24
537,223,Dress,99
538,145,Work,180
539,17,Athletic,150
540,95,Dress,192
541,166,Work,168
542,72,Work,78
543,190,Dress,363
544,185,Casual,22
545,243,Work,213
546,231,Sandal,27
547,60,Work,207
548,189,Casual,28
549,149,Sandal,48
550,156,Casual,82
551,134,Casual,28
552,52,Work,71
553,32,Dress,236
554,90,Casual,35
555,167,Sandal,92
556,205,Casual,120
557,61,Casual,64
558,182,Casual,114
559,181,Sandal,90
560,157,Casual,29
561,117,Dress,124
562,28,Work,71
563,140,Sandal,114
564,185,Work,240
565,46,Casual,68
566,54,Casual,31
567,123,Dress,92
568,52,Work,249
569,33,Casual,40
570,198,Sandal,25
571,102,Sandal,76
572,52,Casual,47
573,123,Sandal,168
574,38,Casual,74
575,24,Casual,27
576,19,Sandal,54
577,79,Casual,22
578,118,Dress,142
579,112,Work,54
580,25,Work,166
581,45,Work,138
582,67,Work,82
583,71,Sandal,42
584,10,Work,75
585,147,Sandal,88
586,222,Athletic,188
587,96,Casual,37
588,104,Dress,212
589,244,Dress,242
590,134,Athletic,312
591,101,Dress,141
592,226,Dress,309
593,166,Work,58
594,218,Work,154
595,188,Athletic,86
596,164,Casual,86
597,51,Work,86
598,176,Dress,100
599,133,Sandal,52
600,166,Work,168
601,81,Athletic,55
602,249,Sandal,33
603,239,Sandal,34
604,135,Sandal,74
605,248,Casual,60
606,213,Sandal,87
607,97,Work,261
608,207,Sandal,114
609,11,Work,94
610,117,Athletic,176
611,140,Casual,99
612,27,Casual,68
613,218,Work,85
614,120,Casual,36
615,243,Sandal,82
616,39,Sandal,84
617,103,Sandal,47
618,107,Dress,228
619,169,Casual,96
620,61,Athletic,216
621,121,Athletic,100
622,71,Dress,321
623,188,Athletic,366
624,71,Sandal,21
625,25,Athletic,64
626,62,Work,128
627,53,Athletic,232
628,234,Dress,483
629,138,Casual,99
630,139,Athletic,69
631,70,Work,86
632,47,Casual,64
633,61,Athletic,88
634,201,Casual,86
635,232,Dress,228
636,211,Casual,38
637,162,Work,228
638,9,Work,126
639,86,Athletic,189
640,25,Casual,165
641,248,Sandal,99
642,139,Casual,120
643,218,Work,192
644,53,Athletic,104
645,117,Casual,40
646,5,Work,71
647,141,Work,77
648,157,Work,148
649,110,Casual,39
650,10,Work,166
651,184,Casual,84
652,77,Casual,72
653,224,Work,72
654,76,Casual,96
655,51,Work,198
656,68,Work,80
657,112,Casual,75
658,177,Athletic,270
659,192,Casual,117
660,51,Dress,190
661,119,Casual,132
662,4,Casual,105
663,101,Dress,141
664,77,Casual,32
665,150,Casual,55
666,118,Athletic,273
667,226,Dress,161
668,175,Casual,108
669,9,Work,86
670,106,Work,152
671,218,Work,70
672,238,Dress,130
673,171,Work,67
674,124,Sandal,41
675,11,Dress,80
676,33,Sandal,46
677,90,Sandal,50
678,144,Casual,55
679,228,Athletic,80
680,154,Work,219
681,112,Work,164
682,229,Casual,123
683,26,Athletic,273
684,102,Casual,129
685,84,Sandal,100
686,164,Work,87
687,250,Casual,64
688,112,Work,85
689,143,Casual,105
690,65,Dress,110
691,144,Work,234
692,249,Casual,102
693,43,Dress,91
694,184,Athletic,152
695,102,Sandal,70
696,224,Work,258
697,17,Sandal,53
698,99,Work,234
699,23,Sandal,108
700,102,Sandal,46
701,245,Dress,85
702,188,Work,79
703,87,Work,158
704,141,Dress,120
705,175,Sandal,32
706,211,Casual,147
707,70,Casual,90
708,148,Athletic,89
709,211,Work,79
710,73,Sandal,135
711,171,Casual,92
712,118,Athletic,210
713,146,Dress,136
714,218,Casual,56
715,129,Work,160
716,242,Dress,480
717,201,Athletic,76
718,203,Work,134
719,33,Work,71
720,35,Dress,101
721,101,Dress,120
722,19,Casual,38
723,233,Casual,34
724,180,Dress,98
725,67,Work,130
726,146,Athletic,255
727,93,Casual,58
728,79,Dress,256
729,212,Casual,44
730,176,Dress,99
731,106,Casual,33
732,78,Dress,92
733,205,Athletic,75
734,118,Casual,162
735,202,Work,89
736,178,Sandal,76
737,86,Work,85
738,136,Sandal,81
739,221,Dress,246
740,172,Casual,26
741,27,Work,142
742,31,Casual,43
743,13,Work,76
744,51,Work,204
745,26,Casual,132
746,222,Dress,164
747,221,Sandal,22
748,30,Sandal,86
749,217,Dress,147
750,47,Dress,216
751,132,Casual,94
752,12,Dress,138
753,208,Sandal,72
754,126,Casual,138
755,213,Dress,109
756,214,Dress,160
757,109,Casual,86
758,35,Dress,207
759,121,Athletic,98
760,143,Sandal,33
761,31,Sandal,53
762,77,Dress,198
763,64,Casual,60
764,54,Athletic,258
765,102,Casual,92
766,241,Casual,34
767,24,Work,114
768,101,Dress,292
769,23,Athletic,160
770,97,Sandal,153
771,148,Casual,96
772,17,Athletic,129
773,89,Work,204
774,33,Sandal,32
775,139,Work,134
776,3,Dress,158
777,35,Dress,82
778,77,Sandal,80
779,244,Dress,306
780,152,Casual,100
781,150,Dress,99
782,23,Dress,218
783,180,Sandal,60
784,57,Athletic,160
785,64,Dress,186
786,24,Work,132
787,195,Work,83
788,58,Athletic,60
789,142,Dress,220
790,26,Athletic,213
791,227,Casual,111
792,218,Work,158
793,221,Dress,134
794,16,Casual,48
795,37,Athletic,83
796,181,Dress,168
797,73,Athletic,121
798,172,Casual,78
799,248,Dress,84
800,71,Athletic,231
801,169,Casual,37
802,233,Casual,80
803,8,Sandal,38
804,164,Casual,94
805,219,Work,122
806,44,Sandal,42
807,170,Casual,84
808,56,Casual,68
809,175,Dress,159
810,179,Work,90
811,240,Casual,50
812,223,Dress,208
813,82,Casual,25
814,128,Athletic,200
815,243,Casual,76
816,167,Sandal,27
817,223,Dress,202
818,130,Dress,206
819,170,Dress,85
820,16,Casual,37
821,113,Casual,44
822,235,Dress,146
823,4,Athletic,154
824,49,Athletic,64
825,209,Sandal,44
826,173,Casual,36
827,215,Casual,60
828,122,Casual,22
829,54,Athletic,54
830,171,Casual,68
831,20,Dress,83
832,166,Work,261
833,235,Athletic,150
834,205,Athletic,78
835,227,Casual,36
836,232,Dress,196
837,66,Casual,84
838,189,Work,76
839,53,Athletic,86
840,119,Dress,312
841,118,Dress,108
842,215,Casual,96
843,8,Sandal,84
844,230,Athletic,345
845,139,Athletic,224
846,136,Athletic,120
847,60,Dress,87
848,8,Dress,214
849,155,Work,237
850,179,Work,165
851,180,Casual,55
852,236,Casual,105
853,88,Casual,86
854,128,Casual,30
855,31,Casual,42
856,15,Work,68
857,47,Casual,74
858,105,Sandal,68
859,100,Dress,255
860,68,Athletic,100
861,40,Casual,81
862,174,Athletic,300
863,14,Athletic,116
864,156,Casual,33
865,74,Casual,84
866,131,Work,213
867,227,Work,132
868,6,Sandal,49
869,108,Casual,87
870,232,Dress,168
871,93,Casual,27
872,247,Work,67
873,189,Work,70
874,16,Casual,40
875,13,Work,69
876,213,Athletic,75
877,47,Work,73
878,38,Sandal,37
879,44,Casual,26
880,121,Athletic,222
881,10,Work,57
882,14,Athletic,219
883,112,Work,228
884,59,Sandal,30
885,118,Athletic,137
886,22,Athletic,112
887,76,Sandal,40
888,216,Sandal,34
889,90,Casual,138
890,137,Casual,75
891,122,Athletic,192
892,236,Casual,135
893,145,Casual,36
894,59,Athletic,87
895,175,Dress,336
896,94,Sandal,37
897,89,Work,178
898,181,Sandal,56
899,149,Casual,38
900,127,Casual,40
901,21,Sandal,111
902,85,Sandal,21
903,179,Casual,34
904,38,Casual,54
905,118,Athletic,204
906,75,Work,106
907,163,Work,90
908,219,Work,58
909,38,Sandal,36
910,9,Work,81
911,236,Sandal,96
912,98,Work,276
913,211,Work,279
914,16,Sandal,44
915,208,Sandal,96
916,42,Work,76
917,168,Dress,202
918,34,Athletic,65
919,9,Work,74
920,175,Dress,131
921,206,Athletic,324
922,175,Sandal,27
923,240,Dress,145
924,90,Casual,26
925,19,Sandal,32
926,143,Sandal,37
927,80,Work,74
928,37,Dress,216
929,209,Dress,124
930,195,Casual,63
931,87,Work,176
932,40,Dress,260
933,171,Work,140
934,130,Athletic,81
935,57,Athletic,75
936,58,Athletic,150
937,17,Work,76
938,60,Dress,210
939,206,Casual,150
940,242,Dress,152
941,75,Dress,117
942,165,Dress,243
943,7,Sandal,82
944,235,Athletic,240
945,209,Athletic,244
946,193,Work,234
947,33,Athletic,132
948,73,Athletic,180
949,142,Dress,86
950,171,Work,59
951,168,Dress,280
952,187,Dress,118
953,153,Athletic,59
954,206,Athletic,146
955,232,Dress,144
956,112,Work,95
957,242,Casual,42
958,51,Work,68
959,177,Athletic,83
960,31,Sandal,27
961,14,Casual,36
962,168,Casual,72
963,27,Work,222
964,87,Sandal,82
965,154,Work,237
966,208,Casual,78
967,194,Athletic,110
968,193,Work,69
969,52,Casual,36
970,25,Casual,68
971,24,Dress,309
972,231,Dress,261
973,179,Work,67
974,160,Casual,31
975,20,Dress,168
976,120,Sandal,84
977,69,Casual,36
978,113,Casual,108
979,15,Sandal,41
980,132,Sandal,84
981,175,Dress,139
982,250,Work,142
983,101,Casual,26
984,28,Work,178
985,217,Work,80
986,63,Athletic,188
987,206,Athletic,210
988,125,Sandal,27
989,144,Work,138
990,231,Casual,35
991,158,Work,67
992,190,Sandal,43
993,54,Athletic,192
994,174,Athletic,306
995,140,Casual,46
996,57,Sandal,26
997,183,Athletic,110
998,99,Work,160
999,141,Casual,82
1000,223,Sandal,44
1001,35,Dress,279
1002,119,Sandal,132
1003,121,Athletic,174
1004,192,Dress,182
1005,37,Casual,42
1006,200,Work,78
1007,202,Casual,108
1008,1,Athletic,94
1009,157,Dress,94
1010,41,Sandal,96
1011,243,Casual,54
1012,54,Athletic,369
1013,108,Sandal,64
1014,166,Dress,150
1015,24,Work,213
1016,174,Casual,86
1017,27,Casual,84
1018,41,Dress,126
1019,59,Athletic,82
1020,216,Work,67
1021,249,Sandal,72
1022,166,Athletic,113
1023,144,Casual,39
1024,59,Athletic,129
1025,38,Casual,100
1026,224,Work,160
1027,103,Dress,212
1028,144,Work,74
1029,237,Work,86
1030,57,Dress,85
1031,245,Dress,152
1032,72,Dress,70
1033,1,Dress,170
1034,120,Casual,53
1035,93,Sandal,90
1036,72,Work,180
1037,156,Sandal,30
1038,182,Casual,90
1039,168,Sandal,47
1040,191,Work,82
1041,181,Dress,86
1042,28,Casual,84
1043,145,Casual,46
1044,246,Casual,47
1045,23,Casual,35
1046,195,Casual,28
1047,90,Sandal,48
1048,123,Dress,155
1049,61,Athletic,172
1050,6,Athletic,55
1051,32,Dress,103
1052,44,Sandal,39
1053,104,Work,148
1054,176,Dress,172
1055,131,Work,213
1056,68,Athletic,234
1057,207,Sandal,25
1058,41,Athletic,79
1059,103,Dress,310
1060,156,Dress,262
1061,122,Casual,112
1062,87,Work,74
1063,84,Work,66
1064,245,Dress,378
1065,80,Casual,78
1066,25,Athletic,234
1067,123,Dress,74
1068,61,Casual,35
1069,143,Casual,31
1070,38,Athletic,294
1071,221,Athletic,78
1072,141,Dress,161
1073,28,Athletic,71
1074,39,Dress,240
1075,14,Casual,44
1076,235,Casual,50
1077,92,Dress,230
1078,71,Dress,90
1079,71,Dress,447
1080,16,Casual,165
1081,39,Casual,80
1082,107,Work,79
1083,202,Casual,26
1084,218,Work,65
1085,228,Dress,71
1086,11,Dress,179
1087,199,Dress,73
1088,59,Casual,30
1089,28,Sandal,114
1090,29,Work,150
1091,192,Sandal,150
1092,7,Work,148
1093,202,Sandal,46
1094,138,Work,258
1095,195,Dress,278
1096,168,Athletic,174
1097,47,Dress,405
1098,213,Dress,216
1099,215,Casual,48
1100,133,Dress,146
1101,197,Work,160
1102,3,Dress,282
1103,108,Dress,207
1104,126,Work,126
1105,237,Casual,29
1106,52,Casual,42
1107,58,Athletic,68
1108,176,Dress,95
1109,223,Dress,334
1110,153,Casual,94
1111,35,Dress,195
1112,136,Sandal,76
1113,234,Casual,42
1114,117,Athletic,114
1115,80,Sandal,114
1116,16,Work,134
1117,180,Dress,372
1118,231,Casual,126
1119,86,Athletic,132
1120,126,Sandal,66
1121,61,Casual,80
1122,198,Casual,29
1123,175,Dress,180
1124,68,Work,213
1125,54,Athletic,58
1126,23,Sandal,87
1127,206,Sandal,90
1128,59,Dress,82
1129,208,Casual,48
1130,185,Work,93
1131,39,Sandal,39
1132,113,Sandal,68
1133,191,Sandal,31
1134,104,Dress,174
1135,175,Dress,252
1136,235,Casual,49
1137,91,Dress,128
1138,171,Work,130
1139,182,Dress,92
1140,109,Sandal,147
1141,102,Casual,84
1142,156,Dress,212
1143,96,Work,128
1144,205,Athletic,417
1145,244,Sandal,58
1146,198,Sandal,28
1147,75,Dress,77
1148,202,Work,228
1149,249,Casual,52
1150,141,Work,82
1151,146,Casual,46
1152,90,Sandal,114
1153,245,Dress,198
1154,109,Sandal,96
1155,66,Work,56
1156,128,Dress,261
1157,183,Casual,40
1158,82,Sandal,30
1159,10,Work,76
1160,131,Work,77
1161,6,Sandal,43
1162,203,Work,68
1163,49,Athletic,131
1164,185,Athletic,170
1165,134,Casual,29
1166,80,Athletic,238
1167,214,Athletic,142
1168,32,Athletic,234
1169,23,Dress,297
1170,229,Dress,121
1171,49,Dress,190
1172,244,Sandal,31
1173,80,Casual,48
1174,156,Dress,91
1175,40,Casual,87
1176,20,Casual,74
1177,117,Athletic,71
1178,79,Sandal,120
1179,145,Work,261
1180,111,Dress,81
1181,51,Work,243
1182,18,Casual,72
1183,159,Work,81
1184,144,Work,150
1185,105,Dress,206
1186,109,Casual,37
1187,149,Sandal,156
1188,160,Athletic,56
1189,236,Casual,56
1190,150,Sandal,37
1191,198,Athletic,234
1192,243,Casual,62
1193,17,Athletic,291
1194,130,Casual,37
1195,103,Dress,276
1196,35,Casual,135
1197,92,Dress,92
1198,62,Dress,84
1199,200,Work,162
1200,190,Casual,70
1201,131,Work,93
1202,42,Casual,112
1203,57,Casual,48
1204,162,Athletic,76
1205,226,Dress,228
1206,2,Casual,38
1207,134,Sandal,46
1208,57,Athletic,73
1209,233,Work,69
1210,168,Casual,37
1211,138,Casual,126
1212,96,Casual,42
1213,233,Sandal,45
1214,214,Athletic,80
1215,214,Athletic,98
1216,124,Athletic,110
1217,81,Work,152
1218,7,Dress,117
1219,227,Sandal,62
1220,170,Dress,103
1221,154,Dress,306
1222,216,Casual,47
1223,186,Sandal,123
1224,147,Casual,64
1225,136,Casual,59
1226,108,Work,77
1227,196,Dress,102
1228,183,Casual,49
1229,231,Sandal,68
1230,238,Casual,36
1231,8,Sandal,108
1232,119,Dress,79
1233,4,Casual,78
1234,242,Work,132
1235,227,Athletic,208
1236,192,Athletic,100
1237,151,Casual,99
1238,16,Casual,84
1239,2,Casual,40
1240,83,Dress,145
1241,68,Athletic,198
1242,6,Casual,105
1243,43,Athletic,184
1244,22,Athletic,90
1245,74,Sandal,76
1246,141,Work,78
1247,13,Casual,41
1248,25,Athletic,300
1249,122,Athletic,69
1250,204,Athletic,99
1251,101,Casual,38
1252,196,Sandal,31
1253,86,Casual,74
1254,51,Sandal,30
1255,86,Athletic,218
1256,13,Work,77
1257,97,Work,80
1258,4,Casual,54
1259,22,Athletic,213
1260,98,Sandal,50
1261,87,Work,77
1262,231,Casual,44
1263,196,Dress,144
1264,98,Dress,125
1265,204,Casual,55
1266,46,Athletic,164
1267,171,Work,180
1268,171,Casual,60
1269,22,Athletic,198
1270,216,Work,170
1271,237,Sandal,78
1272,106,Sandal,82
1273,75,Dress,172
1274,118,Athletic,96
1275,10,Dress,322
1276,198,Casual,86
1277,180,Dress,297
1278,193,Work,85
1279,182,Athletic,225
1280,202,Casual,39
1281,229,Dress,513
1282,221,Athletic,64
1283,21,Sandal,66
1284,67,Work,162
1285,207,Dress,99
1286,124,Casual,96
1287,223,Sandal,53
1288,234,Dress,147
1289,77,Sandal,90
1290,55,Work,73
1291,153,Casual,80
1292,216,Work,134
1293,85,Sandal,48
1294,60,Sandal,69
1295,128,Sandal,47
1296,135,Dress,184
1297,92,Work,68
1298,29,Work,93
1299,203,Work,84
1300,84,Sandal,42
1301,241,Sandal,39
1302,189,Casual,31
1303,246,Dress,87
1304,226,Dress,357
1305,116,Sandal,26
1306,31,Casual,111
1307,180,Casual,129
1308,246,Casual,33
1309,209,Casual,80
1310,174,Casual,48
1311,202,Work,170
1312,208,Sandal,81
1313,170,Dress,93
1314,75,Sandal,34
1315,164,Work,88
1316,177,Athletic,80
1317,133,Work,74
1318,191,Work,160
1319,145,Work,166
1320,67,Work,90
1321,76,Dress,453
1322,189,Work,138
1323,110,Dress,127
1324,224,Work,86
1325,86,Athletic,152
1326,126,Athletic,95
1327,218,Casual,129
1328,82,Sandal,27
1329,119,Casual,25
1330,124,Casual,40
1331,68,Dress,340
1332,204,Work,74
1333,128,Dress,66
1334,17,Casual,102
1335,62,Dress,79
1336,63,Dress,82
1337,203,Work,126
1338,63,Work,154
1339,118,Athletic,164
1340,170,Dress,175
1341,149,Casual,96
1342,170,Casual,105
1343,47,Dress,224
1344,63,Work,249
1345,175,Sandal,39
1346,105,Sandal,47
1347,227,Athletic,110
1348,12,Work,144
1349,176,Sandal,70
1350,105,Athletic,300
1351,155,Casual,31
1352,19,Casual,82
1353,67,Casual,49
1354,112,Casual,64
1355,223,Casual,80
1356,103,Casual,74
1357,11,Dress,267
1358,58,Athletic,206
1359,196,Dress,146
1360,99,Casual,94
1361,97,Work,210
1362,240,Work,90
1363,65,Dress,101
1364,30,Sandal,32
1365,172,Work,82
1366,55,Casual,44
1367,226,Dress,140
1368,84,Dress,145
1369,46,Casual,34
1370,181,Athletic,324
1371,59,Athletic,134
1372,102,Athletic,77
1373,210,Dress,158
1374,221,Sandal,84
1375,6,Dress,254
1376,2,Work,170
1377,186,Casual,68
1378,51,Casual,74
1379,59,Work,154
1380,208,Casual,102
1381,104,Casual,31
1382,220,Dress,70
1383,231,Sandal,106
1384,188,Athletic,78
1385,130,Sandal,36
1386,84,Casual,54
1387,171,Work,174
1388,91,Casual,36
1389,178,Sandal,66
1390,99,Work,204
1391,146,Athletic,49
1392,231,Casual,66
1393,48,Dress,276
1394,127,Dress,146
1395,63,Work,240
1396,62,Dress,146
1397,94,Sandal,78
1398,250,Work,264
1399,39,Casual,70
1400,32,Athletic,69
1401,142,Sandal,58
1402,177,Athletic,384
1403,142,Sandal,56
1404,138,Casual,36
1405,17,Athletic,82
1406,112,Casual,135
1407,91,Casual,49
1408,232,Casual,106
1409,188,Casual,36
1410,214,Athletic,141
1411,78,Work,77
1412,167,Casual,40
1413,226,Sandal,48
1414,163,Dress,366
1415,111,Dress,168
1416,49,Athletic,56
1417,115,Athletic,81
1418,190,Dress,212
1419,132,Work,61
1420,23,Dress,417
1421,106,Work,81
1422,29,Casual,102
1423,60,Dress,95
1424,153,Athletic,188
1425,65,Work,154
1426,49,Casual,35
1427,72,Work,195
1428,200,Work,148
1429,110,Dress,177
1430,109,Casual,84
1431,245,Casual,34
1432,211,Dress,116
1433,165,Dress,432
1434,69,Casual,74
1435,234,Sandal,120
1436,138,Casual,29
1437,101,Casual,30
1438,153,Athletic,98
1439,64,Sandal,28
1440,35,Dress,363
1441,228,Dress,76
1442,148,Athletic,95
1443,28,Sandal,102
1444,143,Sandal,123
1445,232,Casual,68
1446,250,Work,164
1447,191,Work,70
1448,56,Casual,78
1449,166,Sandal,47
1450,23,Dress,128
1451,33,Dress,351
1452,202,Casual,31
1453,155,Casual,47
1454,112,Casual,49
1455,109,Sandal,147
1456,247,Work,144
1457,202,Dress,100
1458,198,Sandal,86
1459,17,Casual,75
1460,98,Dress,126
1461,176,Dress,417
1462,164,Casual,34
1463,12,Casual,32
1464,170,Sandal,93
1465,75,Dress,84
1466,68,Sandal,49
1467,205,Casual,24
1468,247,Work,96
1469,205,Athletic,124
1470,30,Sandal,56
1471,148,Athletic,63
1472,36,Casual,40
1473,232,Casual,90
1474,234,Dress,168
1475,177,Athletic,246
1476,41,Casual,29
1477,249,Sandal,29
1478,226,Dress,308
1479,35,Work,77
1480,237,Sandal,99
1481,112,Sandal,31
1482,108,Dress,162
1483,37,Casual,70
1484,149,Casual,38
1485,9,Sandal,70
1486,151,Casual,135
1487,129,Work,75
1488,89,Dress,111
1489,96,Dress,145
1490,208,Casual,36
1491,140,Sandal,153
1492,50,Dress,411
1493,127,Casual,47
1494,208,Casual,70
1495,117,Athletic,285
1496,73,Work,177
1497,115,Athletic,90
1498,204,Athletic,101
1499,76,Work,57
1500,209,Sandal,168
1501,230,Sandal,43
1502,1,Athletic,107
1503,92,Sandal,22
1504,85,Casual,88
1505,135,Dress,172
1506,201,Athletic,127
1507,145,Casual,37
1508,184,Athletic,249
1509,47,Casual,42
1510,15,Work,128
1511,65,Casual,84
1512,208,Casual,66
1513,43,Dress,240
1514,22,Sandal,86
1515,100,Sandal,25
1516,228,Dress,174
1517,207,Dress,93
1518,89,Dress,417
1519,37,Athletic,137
1520,44,Sandal,39
1521,20,Sandal,39
1522,21,Casual,36
1523,212,Sandal,66
1524,14,Casual,32
1525,46,Sandal,31
1526,36,Dress,276
1527,88,Work,164
1528,174,Casual,88
1529,86,Athletic,194
1530,1,Casual,45
1531,214,Athletic,69
1532,250,Work,116
1533,15,Casual,45
1534,107,Casual,49
1535,93,Dress,314
1536,22,Athletic,166
1537,57,Athletic,57
1538,214,Athletic,96
1539,51,Work,58
1540,112,Work,88
1541,133,Casual,162
1542,124,Sandal,22
1543,34,Casual,41
1544,170,Dress,168
1545,190,Casual,42
1546,44,Sandal,53
1547,208,Casual,49
1548,73,Athletic,81
1549,4,Athletic,279
1550,7,Athletic,61
1551,116,Dress,264
1552,173,Work,132
1553,42,Sandal,31
1554,81,Casual,98
1555,129,Dress,134
1556,52,Work,213
1557,108,Casual,51
1558,22,Athletic,218
1559,91,Casual,35
1560,29,Casual,34
1561,243,Casual,70
1562,18,Work,261
1563,11,Dress,88
1564,125,Athletic,172
1565,73,Athletic,126
1566,6,Dress,234
1567,227,Athletic,220
1568,161,Sandal,99
1569,178,Dress,112
1570,3,Dress,162
1571,235,Athletic,249
1572,56,Casual,34
1573,65,Dress,166
1574,85,Work,68
1575,46,Athletic,224
1576,221,Dress,180
1577,110,Sandal,105
1578,231,Sandal,92
1579,143,Casual,43
1580,86,Casual,33
1581,34,Casual,39
1582,175,Sandal,38
1583,131,Work,76
1584,91,Dress,320
1585,190,Dress,99
1586,37,Athletic,210
1587,189,Work,66
1588,116,Dress,178
1589,26,Casual,33
1590,11,Dress,306
1591,102,Casual,74
1592,194,Athletic,123
1593,94,Work,165
1594,207,Dress,95
1595,47,Casual,117
1596,10,Work,219
1597,133,Work,172
1598,139,Athletic,69
1599,36,Work,231
1600,224,Dress,216
1601,41,Casual,106
1602,174,Dress,152
1603,97,Work,172
1604,243,Work,80
1605,99,Work,144
1606,101,Dress,128
1607,87,Work,63
1608,59,Casual,96
1609,38,Casual,52
1610,157,Athletic,174
1611,154,Casual,70
1612,232,Dress,208
1613,179,Casual,34
1614,129,Casual,60
1615,133,Work,66
1616,160,Athletic,291
1617,39,Casual,64
1618,84,Casual,171
1619,41,Casual,72
1620,128,Dress,212
1621,26,Athletic,98
1622,137,Casual,40
1623,206,Athletic,80
1624,167,Casual,82
1625,45,Work,228
1626,106,Casual,43
1627,203,Work,249
1628,49,Casual,135
1629,244,Casual,72
1630,227,Athletic,264
1631,124,Sandal,42
1632,106,Work,114
1633,46,Athletic,102
1634,19,Sandal,123
1635,84,Casual,141
1636,212,Work,88
1637,121,Casual,88
1638,123,Sandal,44
1639,150,Work,85
1640,194,Athletic,53
1641,137,Work,79
1642,143,Sandal,43
1643,210,Dress,334
1644,201,Athletic,82
1645,2,Casual,135
1646,198,Sandal,44
1647,176,Casual,25
1648,228,Dress,110
1649,146,Athletic,122
1650,104,Sandal,120
1651,136,Sandal,34
1652,11,Work,65
1653,113,Casual,51
1654,55,Casual,52
1655,188,Dress,231
1656,62,Casual,78
1657,216,Casual,46
1658,111,Sandal,177
1659,10,Casual,56
1660,15,Work,164
1661,183,Dress,300
1662,13,Sandal,72
1663,229,Casual,135
1664,10,Work,146
1665,188,Athletic,220
1666,246,Work,228
1667,193,Casual,50
1668,11,Athletic,55
1669,153,Casual,49
1670,6,Dress,216
1671,245,Sandal,56
1672,114,Casual,68
1673,47,Casual,90
1674,5,Athletic,77
1675,116,Sandal,86
1676,31,Casual,123
1677,11,Casual,34
1678,122,Athletic,128
1679,152,Sandal,62
1680,116,Dress,125
1681,249,Sandal,50
1682,216,Work,90
1683,48,Dress,95
1684,169,Dress,204
1685,84,Work,213
1686,115,Athletic,219
1687,210,Dress,294
1688,227,Dress,138
1689,83,Sandal,96
1690,11,Sandal,98
1691,18,Casual,102
1692,233,Work,174
1693,235,Athletic,67
1694,125,Athletic,189
1695,134,Athletic,270
1696,101,Dress,83
1697,92,Dress,91
1698,83,Athletic,58
1699,80,Casual,64
1700,184,Dress,155
1701,240,Dress,255
1702,2,Casual,88
1703,94,Dress,315
1704,90,Casual,165
1705,168,Casual,25
1706,78,Dress,244
1707,147,Dress,291
1708,141,Dress,198
1709,197,Work,57
1710,127,Casual,46
1711,232,Work,276
1712,211,Casual,39
1713,136,Sandal,32
1714,121,Casual,120
1715,97,Work,89
1716,5,Athletic,95
1717,91,Casual,141
1718,147,Sandal,58
1719,203,Casual,123
1720,152,Dress,202
1721,50,Dress,108
1722,167,Sandal,74
1723,6,Dress,107
1724,192,Dress,315
1725,63,Work,128
1726,242,Dress,334
1727,239,Sandal,36
1728,244,Sandal,62
1729,131,Work,55
1730,227,Sandal,30
1731,239,Sandal,40
1732,88,Work,51
1733,85,Sandal,43
1734,104,Dress,234
1735,241,Sandal,159
1736,149,Casual,25
1737,9,Work,152
1738,185,Work,234
1739,157,Athletic,146
1740,74,Sandal,94
1741,210,Dress,200
1742,96,Sandal,106
1743,142,Casual,31
1744,167,Casual,30
1745,171,Casual,86
1746,15,Work,73
1747,197,Casual,23
1748,34,Sandal,40
1749,9,Dress,93
1750,217,Casual,87
1751,236,Dress,376
1752,27,Work,177
1753,231,Casual,117
1754,174,Athletic,228
1755,102,Sandal,96
1756,158,Work,132
1757,187,Casual,78
1758,156,Dress,465
1759,96,Sandal,94
1760,4,Athletic,99
1761,238,Sandal,30
1762,28,Sandal,62
1763,58,Dress,85
1764,153,Athletic,105
1765,98,Dress,147
1766,65,Casual,33
1767,141,Work,90
1768,11,Dress,99
1769,83,Dress,297
1770,51,Work,80
1771,44,Sandal,30
1772,80,Dress,102
1773,23,Dress,72
1774,241,Casual,105
1775,141,Work,65
1776,77,Dress,200
1777,215,Casual,108
1778,60,Dress,218
1779,143,Casual,50
1780,168,Casual,72
1781,170,Athletic,345
1782,158,Casual,33
1783,192,Sandal,51
1784,131,Work,86
1785,241,Sandal,135
1786,49,Casual,30
1787,245,Dress,264
1788,68,Athletic,321
1789,102,Sandal,62
1790,142,Dress,100
1791,61,Casual,27
1792,66,Athletic,248
1793,37,Athletic,94
1794,124,Dress,254
1795,221,Athletic,94
1796,161,Casual,35
1797,241,Casual,72
1798,213,Dress,123
1799,56,Sandal,98
1800,121,Work,68
1801,147,Casual,82
1802,184,Casual,105
1803,197,Casual,78
1804,13,Dress,393
1805,11,Sandal,45
1806,174,Athletic,162
1807,113,Sandal,53
1808,19,Athletic,114
1809,86,Athletic,168
1810,4,Casual,30
1811,144,Work,186
1812,53,Athletic,218
1813,11,Sandal,26
1814,22,Dress,132
1815,109,Casual,80
1816,183,Athletic,225
1817,1,Athletic,62
1818,250,Casual,70
1819,229,Dress,288
1820,86,Athletic,105
1821,180,Dress,226
1822,11,Casual,34
1823,82,Sandal,58
1824,236,Work,64
1825,242,Dress,138
1826,49,Casual,81
1827,36,Dress,85
1828,69,Casual,68
1829,204,Athletic,78
1830,208,Casual,46
1831,196,Casual,72
1832,62,Casual,123
1833,78,Work,150
1834,147,Dress,91
1835,101,Dress,111
1836,170,Casual,102
1837,50,Work,60
1838,191,Casual,41
1839,116,Dress,366
1840,17,Athletic,102
1841,54,Dress,91
1842,39,Casual,37
1843,86,Athletic,94
1844,178,Dress,169
1845,54,Dress,190
1846,6,Dress,85
1847,96,Sandal,86
1848,122,Casual,66
1849,240,Dress,318
1850,6,Sandal,29
1851,118,Casual,72
1852,108,Sandal,76
1853,186,Dress,131
1854,154,Work,79
1855,141,Dress,118
1856,225,Athletic,327
1857,37,Athletic,71
1858,65,Dress,111
1859,249,Casual,153
1860,221,Dress,372
1861,122,Athletic,261
1862,16,Sandal,51
1863,216,Casual,120
1864,118,Sandal,37
1865,43,Sandal,44
1866,5,Casual,129
1867,235,Work,136
1868,217,Dress,99
1869,16,Casual,33
1870,159,Dress,351
1871,233,Work,234
1872,21,Casual,35
1873,56,Casual,46
1874,223,Casual,31
1875,229,Work,136
1876,96,Dress,264
1877,91,Dress,109
1878,94,Casual,24
1879,123,Sandal,144
1880,51,Sandal,94
1881,126,Casual,96
1882,8,Casual,66
1883,10,Casual,41
1884,244,Sandal,47
1885,224,Work,87
1886,206,Athletic,88
1887,232,Dress,268
1888,58,Athletic,94
1889,137,Dress,82
1890,84,Casual,48
1891,77,Dress,294
1892,216,Work,81
1893,148,Athletic,53
1894,165,Dress,119
1895,155,Work,142
1896,193,Work,177
1897,225,Athletic,99
1898,11,Sandal,72
1899,16,Sandal,55
1900,34,Athletic,154
1901,146,Work,132
1902,63,Work,152
1903,191,Casual,62
1904,15,Work,154
1905,146,Casual,40
1906,137,Casual,108
1907,106,Work,79
1908,226,Sandal,129
1909,181,Work,148
1910,200,Work,162
1911,152,Dress,504
1912,241,Casual,45
1913,208,Sandal,56
1914,46,Sandal,49
1915,172,Casual,141
1916,181,Sandal,70
1917,147,Casual,76
1918,35,Sandal,68
1919,145,Casual,46
1920,108,Casual,120
1921,154,Casual,47
1922,74,Casual,110
1923,18,Work,116
1924,19,Athletic,248
1925,91,Sandal,132
1926,211,Work,82
1927,97,Work,92
1928,226,Dress,384
1929,26,Athletic,140
1930,94,Work,72
1931,93,Dress,64
1932,55,Sandal,90
1933,69,Casual,35
1934,113,Dress,103
1935,164,Work,231
1936,90,Athletic,46
1937,31,Dress,172
1938,47,Casual,32
1939,218,Work,77
1940,136,Sandal,90
1941,137,Sandal,93
1942,172,Casual,105
1943,65,Dress,256
1944,165,Casual,35
1945,165,Casual,108
1946,100,Sandal,132
1947,226,Sandal,108
1948,157,Casual,35
1949,68,Athletic,49
1950,54,Athletic,154
1951,11,Casual,28
1952,200,Work,140
1953,149,Casual,54
1954,190,Sandal,54
1955,174,Athletic,76
1956,237,Casual,153
1957,76,Casual,102
1958,233,Work,69
1959,103,Casual,74
1960,165,Dress,188
1961,112,Casual,58
1962,83,Dress,288
1963,161,Casual,27
1964,226,Dress,140
1965,246,Sandal,138
1966,163,Dress,160
1967,212,Work,152
1968,130,Athletic,178
1969,205,Casual,96
1970,12,Dress,243
1971,42,Casual,38
1972,150,Casual,62
1973,240,Dress,324
1974,181,Dress,173
1975,159,Dress,204
1976,149,Sandal,76
1977,65,Sandal,86
1978,250,Casual,45
1979,185,Casual,78
1980,112,Work,65
1981,79,Casual,76
1982,247,Sandal,117
1983,197,Casual,90
1984,83,Sandal,74
1985,94,Casual,62
1986,249,Casual,70
1987,155,Work,82
1988,35,Dress,152
1989,95,Dress,202
1990,185,Work,152
1991,158,Athletic,75
1992,172,Work,178
1993,98,Sandal,24
1994,29,Casual,82
1995,109,Athletic,162
1996,202,Work,255
1997,7,Work,67
1998,208,Sandal,44
1999,48,Dress,123
2000,164,Work,273
2001,60,Work,152
2002,25,Athletic,201
2003,199,Dress,172
2004,96,Work,78
2005,79,Sandal,58
2006,96,Dress,225
2007,145,Work,140
2008,15,Dress,268
2009,6,Dress,252
2010,185,Athletic,114
2011,210,Dress,81
2012,227,Athletic,125
2013,9,Casual,159
2014,232,Dress,80
2015,50,Sandal,48
2016,74,Dress,161
2017,247,Dress,222
2018,150,Work,96
2019,10,Work,78
2020,85,Work,77
2021,170,Dress,280
2022,233,Dress,85
2023,36,Sandal,26
2024,178,Dress,157
2025,105,Dress,372
2026,247,Athletic,162
2027,34,Dress,64
2028,167,Work,92
2029,152,Casual,28
2030,213,Dress,348
2031,90,Dress,88
2032,168,Casual,53
2033,133,Casual,108
2034,12,Sandal,94
2035,2,Casual,64
2036,158,Work,124
2037,44,Casual,102
2038,68,Athletic,85
2039,103,Casual,34
2040,115,Athletic,100
2041,194,Athletic,92
2042,80,Work,152
2043,21,Sandal,26
2044,133,Work,68
2045,196,Dress,138
2046,198,Casual,29
2047,217,Casual,66
2048,59,Athletic,336
2049,250,Work,152
2050,74,Sandal,34
2051,71,Dress,486
2052,207,Sandal,33
2053,164,Work,204
2054,91,Work,81
2055,72,Work,231
2056,213,Dress,105
2057,237,Dress,78
2058,91,Sandal,76
2059,24,Work,76
2060,27,Casual,40
2061,25,Athletic,80
2062,132,Casual,43
2063,145,Casual,56
2064,23,Casual,76
2065,105,Dress,210
2066,142,Dress,174
2067,234,Casual,177
2068,239,Casual,50
2069,10,Casual,64
2070,174,Work,134
2071,140,Dress,192
2072,90,Casual,25
2073,172,Work,152
2074,105,Dress,113
2075,95,Casual,92
2076,141,Work,156
2077,169,Dress,294
2078,157,Athletic,324
2079,234,Dress,167
2080,152,Casual,93
2081,92,Work,71
2082,153,Athletic,110
2083,140,Casual,84
2084,196,Dress,118
2085,129,Dress,103
2086,51,Sandal,90
2087,85,Sandal,66
2088,178,Dress,453
2089,124,Casual,39
2090,29,Work,144
2091,221,Sandal,92
2092,234,Dress,104
2093,45,Casual,102
2094,123,Sandal,36
2095,71,Dress,152
2096,119,Dress,137
2097,110,Dress,95
2098,73,Athletic,333
2099,77,Casual,36
2100,175,Casual,56
2101,26,Athletic,92
2102,178,Casual,35
2103,183,Dress,112
2104,85,Dress,133
2105,125,Athletic,186
2106,78,Casual,30
2107,5,Athletic,89
2108,202,Work,210
2109,98,Work,112
2110,238,Casual,54
2111,215,Dress,322
2112,213,Dress,198
2113,176,Casual,62
2114,97,Casual,62
2115,68,Athletic,63
2116,216,Work,71
2117,38,Casual,48
2118,78,Dress,157
2119,182,Dress,137
2120,166,Work,198
2121,211,Work,61
2122,98,Sandal,60
2123,221,Dress,106
2124,134,Athletic,285
2125,142,Casual,60
2126,102,Sandal,50
2127,231,Casual,33
2128,33,Sandal,138
2129,237,Sandal,69
2130,211,Casual,54
2131,43,Dress,360
2132,27,Sandal,90
2133,97,Casual,30
2134,21,Sandal,41
2135,126,Casual,81
2136,28,Sandal,62
2137,17,Casual,34
2138,135,Casual,156
2139,151,Dress,315
2140,215,Casual,105
2141,11,Casual,35
2142,82,Casual,70
2143,112,Work,172
2144,95,Sandal,24
2145,6,Sandal,56
2146,39,Casual,33
2147,81,Work,270
2148,132,Work,64
2149,131,Work,56
2150,241,Casual,40
2151,213,Work,164
2152,102,Casual,27
2153,42,Casual,117
2154,179,Athletic,78
2155,208,Athletic,74
2156,149,Casual,34
2157,227,Athletic,78
2158,186,Dress,138
2159,15,Work,207
2160,165,Work,168
2161,169,Casual,60
2162,10,Work,97
2163,162,Casual,47
2164,82,Casual,99
2165,193,Work,63
2166,245,Sandal,44
2167,31,Sandal,49
2168,170,Dress,270
2169,175,Casual,31
2170,228,Casual,32
2171,224,Work,176
2172,222,Dress,228
2173,4,Casual,114
2174,221,Dress,81
2175,14,Casual,27
2176,20,Dress,160
2177,158,Dress,81
2178,35,Sandal,93
2179,168,Casual,39
2180,157,Casual,78
2181,91,Sandal,72
2182,179,Work,59
2183,162,Dress,139
2184,54,Athletic,83
2185,151,Athletic,89
2186,17,Athletic,90
2187,64,Athletic,128
2188,223,Dress,111
2189,122,Work,57
2190,13,Work,252
2191,49,Dress,375
2192,226,Dress,312
2193,59,Dress,182
2194,125,Athletic,201
2195,13,Casual,48
2196,25,Sandal,43
2197,12,Dress,125
2198,136,Sandal,58
2199,186,Dress,99
2200,61,Athletic,336
2201,127,Dress,381
2202,54,Casual,40
2203,161,Dress,125
2204,193,Work,94
2205,227,Casual,26
2206,241,Casual,129
2207,174,Casual,98
2208,110,Dress,294
2209,180,Dress,284
2210,233,Work,264
2211,113,Dress,148
2212,172,Dress,164
2213,125,Casual,96
2214,105,Dress,214
2215,130,Athletic,60
2216,75,Casual,168
2217,1,Sandal,42
2218,52,Work,195
2219,208,Work,144
2220,89,Athletic,99
2221,102,Casual,92
2222,83,Dress,109
2223,116,Dress,184
2224,118,Athletic,73
2225,98,Casual,76
2226,105,Dress,246
2227,114,Work,213
2228,113,Casual,111
2229,77,Dress,238
2230,165,Sandal,117
2231,92,Casual,44
2232,120,Sandal,100
2233,63,Dress,180
2234,125,Athletic,84
2235,86,Athletic,58
2236,139,Athletic,86
2237,77,Casual,49
2238,96,Dress,309
2239,181,Dress,164
2240,50,Sandal,32
2241,200,Work,174
2242,48,Casual,75
2243,153,Dress,130
2244,35,Dress,495
2245,112,Dress,274
2246,234,Dress,522
2247,120,Athletic,111
2248,88,Work,228
2249,48,Casual,64
2250,193,Work,64
2251,11,Sandal,31
2252,187,Casual,102
2253,161,Casual,54
2254,152,Sandal,42
2255,141,Work,66
2256,88,Work,62
2257,123,Casual,90
2258,123,Dress,346
2259,179,Casual,106
2260,94,Dress,306
2261,87,Casual,98
2262,118,Dress,165
2263,120,Casual,44
2264,156,Athletic,262
2265,193,Work,160
2266,248,Dress,94
2267,190,Casual,86
2268,236,Sandal,66
2269,211,Work,83
2270,30,Sandal,42
2271,117,Athletic,130
2272,9,Dress,249
2273,21,Casual,41
2274,245,Casual,21
2275,173,Work,228
2276,40,Sandal,40
2277,164,Work,270
2278,248,Dress,167
2279,132,Work,67
2280,209,Sandal,35
2281,122,Dress,240
2282,83,Dress,188
2283,197,Casual,70
2284,172,Casual,31
2285,79,Sandal,90
2286,37,Athletic,116
2287,175,Casual,135
2288,103,Dress,306
2289,155,Work,152
2290,160,Athletic,102
2291,157,Casual,42
2292,226,Dress,120
2293,242,Casual,50
2294,205,Dress,303
2295,137,Athletic,72
2296,205,Dress,324
2297,72,Casual,50
2298,179,Dress,94
2299,14,Athletic,202
2300,164,Work,194
2301,10,Casual,47
2302,50,Casual,28
2303,158,Work,78
2304,154,Dress,95
2305,177,Casual,44
2306,173,Casual,48
2307,232,Dress,252
2308,128,Dress,328
2309,236,Casual,129
2310,53,Athletic,170
2311,104,Dress,231
2312,26,Athletic,126
2313,105,Dress,176
2314,213,Athletic,200
2315,24,Casual,156
2316,178,Casual,48
2317,196,Work,90
2318,242,Dress,282
2319,87,Casual,51
2320,108,Casual,32
2321,105,Dress,112
2322,214,Athletic,186
2323,184,Athletic,79
2324,193,Work,124
2325,70,Dress,166
2326,191,Work,140
2327,82,Work,258
2328,67,Athletic,89
2329,123,Casual,48
2330,31,Sandal,78
2331,108,Sandal,46
2332,247,Sandal,39
2333,171,Casual,48
2334,9,Dress,258
2335,227,Athletic,99
2336,219,Work,192
2337,9,Work,63
2338,13,Work,168
2339,126,Casual,21
2340,71,Casual,42
2341,26,Athletic,116
2342,151,Casual,56
2343,102,Casual,37
2344,67,Work,65
2345,217,Casual,32
2346,203,Casual,55
2347,160,Athletic,255
2348,17,Athletic,83
2349,12,Dress,141
2350,244,Sandal,40
2351,236,Sandal,28
2352,160,Athletic,348
2353,83,Sandal,96
2354,131,Casual,72
2355,222,Casual,35
2356,94,Sandal,76
2357,160,Athletic,112
2358,10,Casual,36
2359,75,Dress,120
2360,105,Casual,55
2361,217,Work,116
2362,210,Casual,70
2363,181,Dress,171
2364,136,Casual,29
2365,142,Dress,101
2366,62,Dress,129
2367,162,Athletic,105
2368,171,Casual,22
2369,19,Sandal,80
2370,85,Casual,26
2371,98,Work,234
2372,159,Work,65
2373,1,Work,184
2374,194,Athletic,82
2375,158,Work,70
2376,33,Casual,29
2377,51,Work,140
2378,61,Athletic,162
2379,119,Athletic,66
2380,147,Casual,105
2381,203,Work,164
2382,162,Athletic,100
2383,155,Work,75
2384,86,Athletic,162
2385,76,Work,66
2386,6,Sandal,108
2387,144,Work,77
2388,47,Casual,46
2389,3,Casual,42
2390,77,Casual,43
2391,146,Casual,62
2392,21,Casual,37
2393,38,Dress,101
2394,98,Sandal,32
2395,159,Casual,99
2396,73,Athletic,83
2397,70,Dress,170
2398,55,Casual,70
2399,2,Casual,35
2400,1,Athletic,101
2401,195,Dress,238
2402,12,Dress,372
2403,199,Work,174
2404,1,Casual,32
2405,144,Casual,48
2406,40,Athletic,112
2407,38,Dress,125
2408,7,Casual,74
2409,103,Sandal,44
2410,3,Dress,140
2411,115,Work,78
2412,87,Work,204
2413,24,Casual,38
2414,99,Casual,25
2415,188,Casual,45
2416,40,Casual,99
2417,34,Sandal,36
2418,33,Casual,40
2419,16,Casual,37
2420,15,Casual,96
2421,160,Athletic,86
2422,86,Casual,30
2423,143,Sandal,29
2424,2,Sandal,99
2425,7,Work,192
2426,2,Sandal,31
2427,23,Dress,95
2428,167,Casual,47
2429,240,Casual,27
2430,165,Dress,71
2431,148,Athletic,321
2432,83,Dress,459
2433,68,Athletic,82
2434,1,Dress,549
2435,248,Sandal,86
2436,44,Dress,242
2437,47,Dress,300
2438,66,Athletic,42
2439,212,Work,76
2440,123,Casual,94
2441,183,Dress,100
2442,13,Casual,49
2443,93,Casual,27
2444,247,Work,77
2445,184,Athletic,98
2446,37,Athletic,108
2447,215,Work,84
2448,169,Work,81
2449,46,Athletic,82
2450,69,Casual,32
2451,57,Athletic,128
2452,14,Athletic,220
2453,80,Work,69
2454,249,Casual,44
2455,53,Athletic,133
2456,124,Casual,144
2457,174,Athletic,116
2458,170,Sandal,26
2459,66,Athletic,72
2460,166,Work,249
2461,43,Sandal,132
2462,132,Casual,45
2463,191,Casual,69
2464,199,Work,170
2465,48,Dress,336
2466,113,Casual,36
2467,3,Dress,91
2468,117,Athletic,107
2469,80,Work,82
2470,48,Dress,168
2471,230,Work,71
2472,30,Casual,88
2473,120,Sandal,50
2474,205,Athletic,268
2475,5,Work,71
2476,174,Athletic,164
2477,122,Athletic,252
2478,56,Work,75
2479,249,Athletic,101
2480,196,Dress,336
2481,153,Athletic,186
2482,218,Sandal,46
2483,114,Work,81
2484,142,Dress,286
2485,155,Athletic,124
2486,94,Dress,226
2487,182,Work,142
2488,165,Athletic,210
2489,98,Dress,104
2490,133,Work,80
2491,52,Dress,130
2492,227,Athletic,67
2493,64,Sandal,93
2494,100,Athletic,87
2495,206,Athletic,64
2496,66,Athletic,237
2497,149,Casual,117
2498,81,Sandal,52
2499,223,Dress,123
2500,175,Sandal,36
2501,201,Athletic,60
2502,215,Casual,68
2503,227,Athletic,62
2504,79,Casual,76
2505,101,Dress,117
2506,128,Sandal,82
2507,7,Work,58
2508,137,Work,234
2509,69,Sandal,41
2510,27,Work,188
2511,217,Work,225
2512,187,Dress,69
2513,49,Sandal,25
2514,176,Dress,142
2515,115,Athletic,109
2516,71,Dress,113
2517,8,Work,276
2518,135,Dress,122
2519,35,Dress,264
2520,162,Sandal,46
2521,182,Sandal,74
2522,133,Work,118
2523,108,Casual,84
2524,24,Dress,344
2525,16,Dress,96
2526,122,Athletic,99
2527,218,Work,246
2528,115,Athletic,224
2529,88,Work,158
2530,136,Dress,153
2531,173,Work,79
2532,162,Athletic,76
2533,88,Dress,147
2534,65,Dress,186
2535,91,Dress,71
2536,221,Sandal,25
2537,53,Casual,31
2538,125,Athletic,140
2539,210,Dress,117
2540,173,Dress,260
2541,88,Work,81
2542,208,Casual,42
2543,212,Work,68
2544,84,Casual,38
2545,110,Dress,246
2546,18,Casual,41
2547,34,Sandal,90
2548,232,Casual,76
2549,56,Athletic,242
2550,107,Casual,31
2551,148,Work,134
2552,209,Dress,396
2553,91,Sandal,24
2554,158,Work,72
2555,29,Work,85
2556,122,Athletic,280
2557,41,Sandal,80
2558,157,Athletic,51
2559,33,Sandal,78
2560,150,Dress,122
2561,184,Athletic,248
2562,125,Athletic,71
2563,238,Casual,40
2564,166,Work,76
2565,147,Casual,48
2566,109,Casual,43
2567,223,Casual,111
2568,29,Casual,30
2569,61,Athletic,152
2570,15,Sandal,60
2571,111,Casual,60
2572,105,Dress,140
2573,156,Dress,333
2574,143,Casual,33
2575,117,Athletic,230
2576,95,Dress,135
2577,127,Dress,146
2578,222,Sandal,27
2579,98,Dress,134
2580,106,Sandal,33
2581,219,Work,65
2582,27,Work,164
2583,242,Casual,24
2584,214,Dress,163
2585,58,Casual,32
2586,31,Casual,96
2587,174,Athletic,57
2588,174,Athletic,248
2589,113,Casual,35
2590,40,Sandal,84
2591,149,Sandal,39
2592,36,Dress,188
2593,182,Dress,86
2594,122,Casual,36
2595,77,Dress,98
2596,195,Sandal,32
2597,7,Work,198
2598,68,Dress,168
2599,5,Athletic,222
2600,177,Casual,41
2601,230,Athletic,270
2602,85,Casual,76
2603,43,Dress,516
2604,197,Work,60
2605,239,Casual,32
2606,164,Casual,34
2607,167,Casual,84
2608,242,Dress,188
2609,99,Dress,214
2610,112,Work,246
2611,130,Athletic,126
2612,115,Casual,58
2613,250,Work,82
2614,21,Athletic,238
2615,48,Sandal,27
2616,196,Sandal,56
2617,199,Casual,30
2618,77,Sandal,35
2619,54,Athletic,202
2620,179,Athletic,81
2621,118,Casual,37
2622,56,Work,72
2623,96,Casual,144
2624,147,Dress,85
2625,81,Work,152
2626,155,Casual,36
2627,148,Work,132
2628,215,Work,82
2629,229,Work,237
2630,57,Sandal,84
2631,23,Athletic,158
2632,47,Casual,35
2633,156,Dress,110
2634,34,Casual,108
2635,61,Athletic,225
2636,217,Casual,66
2637,94,Athletic,312
2638,108,Sandal,25
2639,238,Casual,32
2640,72,Work,90
2641,42,Work,67
2642,80,Casual,32
2643,141,Dress,93
2644,101,Dress,147
2645,237,Athletic,94
2646,103,Dress,103
2647,34,Casual,38
2648,142,Sandal,84
2649,199,Casual,52
2650,73,Athletic,59
2651,3,Dress,438
2652,35,Casual,108
2653,40,Casual,39
2654,247,Casual,42
2655,195,Dress,219
2656,178,Dress,402
2657,115,Athletic,236
2658,25,Athletic,260
2659,241,Sandal,38
2660,176,Sandal,48
2661,149,Casual,29
2662,150,Casual,42
2663,222,Sandal,82
2664,220,Athletic,312
2665,100,Casual,60
2666,32,Sandal,82
2667,176,Athletic,110
2668,21,Casual,90
2669,209,Casual,37
2670,37,Casual,35
2671,177,Dress,226
2672,151,Casual,62
2673,32,Athletic,108
2674,237,Casual,25
2675,181,Athletic,69
2676,29,Work,85
2677,250,Athletic,98
2678,76,Casual,70
2679,162,Casual,34
2680,171,Casual,37
2681,97,Casual,53
2682,148,Athletic,190
2683,154,Work,81
2684,166,Casual,56
2685,201,Casual,39
2686,145,Work,69
2687,184,Athletic,116
2688,203,Casual,34
2689,13,Work,89
2690,82,Casual,32
2691,182,Casual,117
2692,121,Sandal,57
2693,180,Sandal,66
2694,113,Sandal,104
2695,2,Casual,99
2696,30,Sandal,81
2697,40,Athletic,51
2698,249,Sandal,54
2699,55,Sandal,138
2700,248,Casual,76
2701,123,Dress,171
2702,48,Athletic,76
2703,224,Casual,72
2704,234,Dress,109
2705,205,Casual,76
2706,37,Athletic,124
2707,127,Dress,231
2708,59,Athletic,83
2709,120,Sandal,93
2710,242,Athletic,63
2711,49,Sandal,46
2712,154,Work,70
2713,76,Work,240
2714,52,Work,180
2715,5,Athletic,279
2716,43,Athletic,91
2717,140,Dress,489
2718,21,Sandal,48
2719,54,Athletic,122
2720,65,Casual,29
2721,163,Athletic,321
2722,235,Athletic,228
2723,90,Casual,56
2724,99,Work,57
2725,243,Casual,96
2726,107,Casual,40
2727,27,Athletic,278
2728,223,Dress,483
2729,195,Dress,210
2730,69,Sandal,54
2731,124,Casual,37
2732,189,Work,66
2733,71,Dress,356
2734,109,Casual,40
2735,114,Casual,42
2736,149,Casual,24
2737,228,Sandal,35
2738,168,Casual,41
2739,182,Sandal,105
2740,227,Casual,52
2741,85,Sandal,84
2742,84,Casual,76
2743,169,Dress,128
2744,5,Athletic,100
2745,88,Casual,34
2746,159,Casual,47
2747,138,Dress,79
2748,214,Athletic,260
2749,144,Work,80
2750,19,Dress,213
2751,223,Dress,141
2752,47,Sandal,108
2753,26,Casual,34
2754,132,Work,267
2755,235,Athletic,104
2756,49,Athletic,107
2757,109,Casual,102
2758,48,Dress,318
2759,37,Casual,45
2760,228,Dress,465
2761,154,Casual,43
2762,50,Casual,49
2763,219,Athletic,80
2764,4,Athletic,387
2765,120,Sandal,116
2766,233,Work,77
2767,131,Casual,41
2768,11,Dress,120
2769,118,Athletic,232
2770,6,Dress,366
2771,43,Sandal,56
2772,23,Dress,132
2773,23,Dress,255
2774,202,Sandal,46
2775,127,Athletic,97
2776,70,Casual,82
2777,38,Casual,50
2778,186,Dress,146
2779,191,Work,148
2780,78,Dress,140
2781,76,Work,77
2782,109,Sandal,82
2783,68,Athletic,129
2784,81,Work,168
2785,87,Work,134
2786,15,Athletic,65
2787,3,Dress,182
2788,70,Dress,123
2789,83,Casual,25
2790,182,Dress,110
2791,46,Casual,38
2792,5,Athletic,66
2793,133,Casual,48
2794,123,Sandal,70
2795,228,Casual,80
2796,5,Sandal,84
2797,197,Work,90
2798,232,Athletic,98
2799,223,Dress,125
2800,7,Work,67
2801,95,Dress,297
2802,17,Athletic,176
2803,107,Sandal,29
2804,170,Dress,314
2805,239,Casual,53
2806,48,Dress,134
2807,219,Casual,64
2808,222,Dress,336
2809,212,Work,74
2810,149,Work,128
2811,201,Casual,92
2812,194,Sandal,93
2813,213,Casual,30
2814,242,Casual,46
2815,180,Athletic,88
2816,193,Work,152
2817,8,Casual,114
2818,185,Work,54
2819,244,Dress,126
2820,157,Athletic,152
2821,13,Casual,92
2822,146,Sandal,41
2823,75,Dress,156
2824,27,Sandal,62
2825,245,Dress,116
2826,229,Work,150
2827,202,Work,75
2828,9,Casual,120
2829,9,Work,69
2830,94,Athletic,93
2831,172,Work,75
2832,156,Casual,72
2833,208,Casual,49
2834,152,Casual,32
2835,189,Sandal,54
2836,106,Work,77
2837,227,Dress,384
2838,247,Casual,63
2839,93,Dress,168
2840,190,Sandal,98
2841,79,Work,201
2842,156,Dress,282
2843,44,Work,207
2844,24,Work,140
2845,44,Dress,76
2846,15,Dress,441
2847,230,Work,77
2848,63,Work,160
2849,135,Sandal,32
2850,77,Dress,304
2851,204,Athletic,142
2852,62,Casual,106
2853,207,Casual,35
2854,201,Athletic,62
2855,194,Athletic,306
2856,140,Dress,274
2857,21,Sandal,56
2858,204,Work,234
2859,250,Work,186
2860,247,Dress,352
2861,59,Athletic,210
2862,205,Casual,68
2863,63,Work,79
2864,97,Work,182
2865,76,Work,93
2866,44,Sandal,33
2867,165,Dress,85
2868,128,Dress,113
2869,240,Dress,134
2870,139,Athletic,109
2871,169,Sandal,38
2872,60,Dress,121
2873,27,Casual,98
2874,80,Work,81
2875,54,Casual,47
2876,168,Sandal,53
2877,147,Casual,72
2878,100,Dress,237
2879,205,Athletic,77
2880,136,Sandal,36
2881,219,Sandal,68
2882,23,Dress,91
2883,83,Athletic,164
2884,145,Casual,28
2885,52,Casual,66
2886,172,Dress,89
2887,241,Sandal,102
2888,139,Sandal,50
2889,232,Dress,85
2890,4,Athletic,113
2891,56,Casual,26
2892,55,Sandal,39
2893,114,Casual,22
2894,238,Athletic,87
2895,222,Casual,78
2896,5,Athletic,240
2897,194,Athletic,300
2898,180,Dress,182
2899,150,Work,71
2900,174,Sandal,25
2901,129,Casual,30
2902,27,Work,55
2903,112,Work,160
2904,235,Athletic,198
2905,97,Casual,29
2906,30,Casual,34
2907,46,Work,154
2908,165,Dress,318
2909,161,Casual,90
2910,74,Dress,92
2911,19,Casual,29
2912,103,Dress,290
2913,111,Casual,126
2914,155,Sandal,52
2915,237,Sandal,56
2916,22,Dress,97
2917,107,Casual,43
2918,136,Casual,64
2919,164,Work,216
2920,120,Casual,38
2921,112,Casual,45
2922,53,Athletic,132
2923,23,Dress,98
2924,141,Work,71
2925,56,Casual,100
2926,92,Dress,250
2927,201,Casual,117
2928,174,Casual,33
2929,91,Dress,168
2930,11,Casual,28
2931,68,Casual,68
2932,9,Athletic,348
2933,21,Sandal,52
2934,169,Dress,149
2935,127,Casual,126
2936,112,Work,276
2937,114,Work,180
2938,2,Sandal,30
2939,42,Athletic,76
2940,158,Dress,213
2941,164,Casual,39
2942,162,Casual,44
2943,223,Dress,258
2944,202,Sandal,84
2945,185,Work,55
2946,71,Dress,134
2947,101,Sandal,37
2948,98,Casual,33
2949,48,Casual,126
2950,85,Casual,74
2951,143,Work,158
2952,78,Dress,139
2953,27,Work,70
2954,100,Casual,74
2955,58,Athletic,76
2956,193,Casual,31
2957,176,Dress,124
2958,182,Dress,272
2959,6,Athletic,300
2960,17,Athletic,89
2961,8,Work,85
2962,36,Dress,187
2963,138,Work,77
2964,204,Athletic,309
2965,196,Sandal,42
2966,140,Casual,35
2967,215,Casual,104
2968,75,Dress,342
2969,213,Casual,45
2970,30,Casual,78
2971,183,Dress,140
2972,6,Dress,98
2973,23,Dress,113
2974,210,Casual,144
2975,10,Work,67
2976,177,Casual,39
2977,82,Sandal,64
2978,65,Dress,76
2979,124,Work,76
2980,180,Work,120
2981,198,Dress,165
2982,12,Dress,75
2983,175,Sandal,102
2984,16,Sandal,120
2985,131,Casual,39
2986,160,Dress,363
2987,237,Casual,26
2988,47,Dress,246
2989,196,Dress,388
2990,67,Work,69
2991,140,Athletic,138
2992,13,Work,252
2993,128,Sandal,50
2994,133,Casual,32
2995,14,Casual,52
2996,204,Athletic,360
2997,53,Athletic,67
2998,136,Casual,27
2999,173,Work,85
3000,141,Work,276
